supplier_id,name,contact_email,phone,location,created_at
1,Martin and Sons,bakersavannah@hotmail.com,(216)443-4663x660,Murrayburgh,2025-04-19 03:59:05
2,Bailey-Reyes,david37@yahoo.com,(090)830-5362x9230,Millschester,2025-03-22 22:11:24
3,Bowman Group,youngbrandi@yahoo.com,9041825297,New Jamesport,2025-08-14 15:24:38
4,"Roberts, Coleman and Parker",crystalthompson@yahoo.com,002-992-0669x241,Freymouth,2025-07-22 08:21:17
5,Baker and Sons,pdixon@gonzalez.com,(380)834-6144x8587,West Brianport,2025-06-10 01:11:25
6,"Brown, Murphy and Weiss",gomezchelsea@gmail.com,361.672.7078x2837,Gabriellafurt,2025-04-18 18:29:09
7,"Jones, Hamilton and Rodriguez",kfischer@yahoo.com,906-465-8038,West Donnatown,2025-01-12 06:33:51
8,Brandt-Johnson,lmiller@vega-payne.com,001-028-067-3984x950,Terrifort,2025-02-28 07:53:50
9,"Webster, Dennis and Hernandez",edwardsjustin@hotmail.com,3330819815,Gibsonton,2025-06-20 02:10:23
10,"Gardner, Vaughn and Jackson",emilymccoy@hotmail.com,294.857.3640,West Calvin,2025-01-20 07:02:39
11,Jackson Ltd,eugene35@dudley.com,673-336-2560x009,Davidbury,2025-02-10 14:59:07
12,Mcclure-Perkins,adamchang@hotmail.com,(828)845-5941x44253,Raymondtown,2025-04-18 12:27:14
13,Franklin LLC,joanwilliams@hamilton.info,4279197732,West Marissaport,2025-01-10 14:43:47
14,Mullen-Moreno,djackson@collins-mullen.info,650.571.4678x984,North Seanland,2025-06-28 18:08:34
15,"Figueroa, Marsh and Everett",linda95@arnold.biz,001-436-251-0656x0675,Lake Nancyshire,2025-04-29 18:33:52
16,Cook Inc,moorerobert@hotmail.com,001-125-005-4860,West Joshuaburgh,2025-02-14 04:11:37
17,"Green, Hall and Gregory",karen97@huynh.com,331.868.0194,New Anna,2025-08-20 03:35:59
18,Simpson and Sons,wendydixon@hotmail.com,001-815-636-1274x478,Lake Eric,2025-06-13 13:38:13
19,Smith-Fox,randall72@hotmail.com,001-869-510-4245x60503,New Marciatown,2025-01-07 14:27:07
20,"Griffin, Sanders and Anderson",allenmatthew@fischer.com,601.757.2131x929,Hendersonmouth,2025-06-09 22:06:20
21,Wilson Group,pcollier@duncan.info,+1-624-673-3196x116,Lake Kirk,2025-04-20 20:15:47
22,"Simmons, Castillo and Forbes",mary86@gmail.com,+1-058-883-3559,Myersville,2025-04-09 21:36:59
23,Hutchinson-Massey,mowens@hotmail.com,001-321-719-9289,Josephbury,2025-02-23 11:37:19
24,Gordon-Morris,jenniferphillips@johnson.com,015-831-4647,New Daniel,2025-03-06 19:27:47
25,"Daniels, Rodgers and Cooke",fmiller@benson.biz,001-800-487-8311x4241,Johnsonfurt,2025-08-27 23:08:46
26,Moore and Sons,aaron41@hotmail.com,908.563.3991,Michaelborough,2025-05-30 12:14:21
27,Hernandez-George,gardnertheresa@hotmail.com,001-293-866-8388x001,Loweport,2025-03-10 07:42:35
28,Andrews-Pierce,wendy57@cole-weber.info,258.691.7634,South Christopher,2025-08-06 21:56:45
29,Casey-Ruiz,knightjanet@yahoo.com,880.834.7302,Maryland,2025-03-10 19:03:28
30,"Adams, Blackburn and Davidson",john08@perez.biz,747-255-8763,Travisside,2025-01-17 03:37:00
31,Edwards-Patton,kellycarroll@hotmail.com,306.064.2917,South Amy,2025-08-12 21:45:52
32,Anderson Ltd,rrocha@gmail.com,(672)862-6252,New Crystal,2025-04-26 08:02:41
33,Gonzalez and Sons,hdavidson@fernandez-cunningham.com,001-101-831-2799x2435,North Angelaview,2025-05-13 05:14:31
34,Terry-Mueller,qmccoy@shaw.com,040.749.2595x81786,Parkerstad,2025-04-20 01:46:32
35,Rogers-Mora,fieldsmichael@molina.com,001-908-838-9415x88614,Miketon,2025-09-05 23:56:18
36,Davis-Bell,heathercohen@hernandez.com,275-219-1606x549,Timothyfurt,2025-07-23 01:19:33
37,Rodriguez-Moore,gordonbell@king.com,+1-531-657-1485x469,Olsonfort,2025-06-06 14:03:10
38,Mercado Ltd,beckyjohnson@yahoo.com,621-988-6450x0672,South Keithburgh,2025-02-25 09:25:52
39,Johnson Group,nvilla@hotmail.com,(637)413-9068x0698,Amybury,2025-04-25 08:46:21
40,May Inc,stephensmith@hotmail.com,(118)865-2155,Christopherport,2025-07-06 00:49:01
41,"Morales, Smith and Patel",stevenchung@tran-williams.biz,001-042-827-9793x46347,Port Brentmouth,2025-01-27 17:53:50
42,Kennedy-Flores,charmon@osborne.com,+1-126-890-9962x0870,Scottshire,2025-04-15 23:11:20
43,"Bradshaw, Sanders and Mckinney",kathleentate@gmail.com,001-896-578-8353,Laurafort,2025-08-14 04:10:08
44,Jackson-Hall,qhoward@jennings.org,156.128.0953,North Hannah,2025-05-03 13:54:07
45,"Morrison, Lee and Tran",haley68@yahoo.com,001-175-266-2562x12635,South Joe,2025-08-08 21:27:11
46,Parsons-Hernandez,scott56@hotmail.com,225-628-5863x147,Stevenberg,2025-03-08 04:19:05
47,Valdez Group,scottjohnson@johnson.info,4833417416,New Mary,2025-04-19 10:41:35
48,Sanchez-Barnett,benjaminvincent@gmail.com,(108)550-2581x8014,Deniseburgh,2025-01-29 08:29:01
49,Morgan LLC,theresa72@gmail.com,+1-227-394-6644,South Daniellemouth,2025-06-12 11:25:07
50,"Larson, Thompson and Wright",michealwilson@gmail.com,+1-473-836-9683x41763,Scottborough,2025-04-03 04:50:46
